event_type,touch_sequence_number,vwap_slope_bucket,sample_size,p_revert,median_mfe,median_mae,p95_extension,avg_time_to_mfe
CROSS,1,flat,41,0.39024390243902439024,13.0,19.0,57.0,180.0000000000000000
CROSS,1,moderate,27,0.33333333333333333333,18.0,22.0,67.49999999999999,172.8000000000000000
CROSS,2,flat,25,0.12000000000000000000,11.0,19.0,62.999999999999886,166.3636363636363636
CROSS,2,moderate,19,0.31578947368421052632,13.0,19.0,47.599999999999945,197.1428571428571429
CROSS,3,flat,34,0.38235294117647058824,15.5,17.0,42.84999999999998,180.0000000000000000
CROSS,3,moderate,21,0.28571428571428571429,11.0,19.0,36.0,229.4117647058823529
CROSS,4,flat,29,0.20689655172413793103,16.0,19.0,51.59999999999999,175.2000000000000000
CROSS,4,moderate,18,0.22222222222222222222,18.0,19.0,43.549999999999976,187.5000000000000000
CROSS,5,flat,25,0.24000000000000000000,11.0,16.0,55.99999999999994,183.5294117647058824
CROSS,5,moderate,24,0.33333333333333333333,13.0,20.0,34.849999999999994,176.6666666666666667
CROSS,6,flat,28,0.25000000000000000000,18.0,19.0,37.89999999999999,195.0000000000000000
CROSS,6,moderate,23,0.34782608695652173913,11.0,20.0,31.39999999999999,177.0000000000000000
CROSS,7,flat,28,0.28571428571428571429,14.5,17.0,57.0,187.8260869565217391
CROSS,7,moderate,28,0.25000000000000000000,14.0,14.5,51.74999999999998,161.7391304347826087
CROSS,8,flat,30,0.36666666666666666667,10.0,16.0,60.29999999999998,180.0000000000000000
CROSS,8,moderate,20,0.35000000000000000000,20.0,18.0,39.85000000000001,210.0000000000000000
CROSS,9,flat,31,0.35483870967741935484,12.0,18.0,53.5,202.5000000000000000
CROSS,9,moderate,23,0.52173913043478260870,10.0,21.0,64.19999999999997,190.5882352941176471
CROSS,10,flat,31,0.29032258064516129032,13.0,16.0,61.0,175.8620689655172414
CROSS,10,moderate,21,0.19047619047619047619,11.0,19.0,39.0,180.0000000000000000
CROSS,11,flat,19,0.31578947368421052632,11.0,16.0,22.299999999999972,184.0000000000000000
CROSS,11,moderate,22,0.31818181818181818182,9.0,31.0,52.249999999999986,180.0000000000000000
CROSS,12,flat,25,0.32000000000000000000,9.0,15.0,34.19999999999999,182.7272727272727273
CROSS,12,moderate,25,0.32000000000000000000,16.0,21.0,51.799999999999955,187.5000000000000000
CROSS,13,flat,24,0.25000000000000000000,14.5,19.5,30.549999999999994,190.4347826086956522
CROSS,13,moderate,21,0.19047619047619047619,21.0,23.0,81.0,186.6666666666666667
CROSS,14,flat,30,0.36666666666666666667,10.5,15.5,42.89999999999995,180.0000000000000000
CROSS,14,moderate,18,0.22222222222222222222,16.5,21.0,39.84999999999997,160.0000000000000000
CROSS,15,flat,26,0.38461538461538461538,13.0,23.0,43.25,233.6842105263157895
CROSS,15,moderate,18,0.27777777777777777778,21.5,27.0,66.0,197.1428571428571429
CROSS,16,flat,26,0.26923076923076923077,17.5,21.5,45.0,228.5714285714285714
CROSS,16,moderate,17,0.29411764705882352941,16.0,17.0,34.199999999999996,176.2500000000000000
CROSS,17,flat,27,0.37037037037037037037,13.0,18.0,32.7,210.0000000000000000
CROSS,17,moderate,22,0.31818181818181818182,14.0,24.5,47.44999999999999,165.0000000000000000
CROSS,18,flat,31,0.35483870967741935484,13.0,19.0,32.5,164.0000000000000000
CROSS,18,moderate,18,0.22222222222222222222,16.0,25.5,102.29999999999971,184.6153846153846154
CROSS,19,flat,30,0.43333333333333333333,8.0,26.5,33.19999999999999,152.7272727272727273
CROSS,19,moderate,20,0.40000000000000000000,12.0,21.0,42.05,204.7058823529411765
CROSS,20,flat,19,0.36842105263157894737,14.0,22.0,50.69999999999996,214.2857142857142857
CROSS,20,moderate,20,0.30000000000000000000,13.5,30.5,104.35000000000004,168.7500000000000000
CROSS,21,flat,27,0.33333333333333333333,23.0,22.0,92.29999999999997,227.5000000000000000
CROSS,21,moderate,19,0.21052631578947368421,23.0,21.0,85.69999999999996,186.3157894736842105
CROSS,22,flat,29,0.20689655172413793103,18.0,24.0,55.39999999999997,187.8260869565217391
CROSS,22,moderate,19,0.47368421052631578947,7.0,21.0,47.59999999999999,133.8461538461538462
CROSS,23,flat,27,0.18518518518518518519,16.0,26.0,39.5,185.4545454545454545
CROSS,23,moderate,12,0.25000000000000000000,16.0,25.5,79.94999999999995,185.0000000000000000
CROSS,24,flat,29,0.31034482758620689655,13.0,26.0,52.59999999999998,212.5000000000000000
CROSS,24,moderate,12,0.41666666666666666667,12.5,37.5,72.69999999999999,140.0000000000000000
CROSS,25,flat,26,0.46153846153846153846,19.5,24.5,69.75,191.4285714285714286
CROSS,25,moderate,10,0.40000000000000000000,18.5,25.5,54.199999999999996,204.0000000000000000
CROSS,26,flat,23,0.43478260869565217391,15.0,20.0,70.19999999999996,198.7500000000000000
CROSS,26,moderate,12,0.33333333333333333333,23.5,19.0,57.14999999999998,217.5000000000000000
CROSS,27,flat,25,0.24000000000000000000,20.0,23.0,57.19999999999996,180.0000000000000000
CROSS,27,moderate,9,0.44444444444444444444,15.0,29.0,61.199999999999996,165.0000000000000000
CROSS,28,flat,23,0.30434782608695652174,12.0,26.0,57.699999999999996,165.8823529411764706
CROSS,28,moderate,11,0.27272727272727272727,14.0,23.0,81.0,220.0000000000000000
CROSS,29,flat,22,0.50000000000000000000,14.0,28.5,36.0,180.0000000000000000
CROSS,29,moderate,13,0.46153846153846153846,11.0,24.0,42.59999999999999,180.0000000000000000
CROSS,30,flat,19,0.26315789473684210526,19.0,31.0,34.89999999999998,183.3333333333333333
CROSS,30,moderate,11,0E-20,19.0,20.0,34.0,186.0000000000000000
CROSS,31,flat,25,0.28000000000000000000,16.0,20.0,66.59999999999995,190.4347826086956522
CROSS,31,moderate,4,0E-20,24.5,12.0,32.65,180.0000000000000000
CROSS,32,flat,23,0.30434782608695652174,21.0,27.0,49.29999999999999,211.4285714285714286
CROSS,32,moderate,9,0.11111111111111111111,33.0,15.0,56.99999999999999,186.6666666666666667
CROSS,33,flat,20,0.25000000000000000000,21.0,25.5,43.650000000000006,202.5000000000000000
CROSS,33,moderate,11,0.18181818181818181818,20.0,15.0,28.0,198.0000000000000000
CROSS,34,flat,28,0.28571428571428571429,19.5,27.0,99.84999999999997,200.0000000000000000
CROSS,34,moderate,7,0.14285714285714285714,29.0,26.0,72.49999999999996,216.0000000000000000
CROSS,35,flat,25,0.24000000000000000000,20.0,25.0,40.0,175.0000000000000000
CROSS,35,moderate,9,0.22222222222222222222,11.0,23.0,24.4,180.0000000000000000
CROSS,36,flat,24,0.16666666666666666667,21.0,23.5,71.74999999999997,165.7142857142857143
CROSS,36,moderate,7,0.14285714285714285714,14.0,28.0,123.79999999999993,200.0000000000000000
CROSS,37,flat,19,0.47368421052631578947,14.0,38.0,48.799999999999834,147.6923076923076923
CROSS,37,moderate,5,0E-20,23.0,23.0,51.0,264.0000000000000000
CROSS,38,flat,21,0.33333333333333333333,16.0,23.0,75.0,190.0000000000000000
CROSS,38,moderate,4,0.25000000000000000000,12.5,14.5,16.549999999999997,150.0000000000000000
CROSS,39,flat,22,0.40909090909090909091,17.0,35.5,50.55,167.3684210526315789
CROSS,39,moderate,4,0.25000000000000000000,12.5,18.0,24.049999999999997,165.0000000000000000
CROSS,40,flat,23,0.30434782608695652174,14.0,27.0,54.39999999999998,161.0526315789473684
CROSS,40,moderate,7,0.14285714285714285714,7.0,21.0,42.599999999999994,228.0000000000000000
CROSS,41,flat,20,0.25000000000000000000,12.0,31.0,61.300000000000004,170.7692307692307692
CROSS,41,moderate,7,0.42857142857142857143,18.0,17.0,34.19999999999999,230.0000000000000000
CROSS,42,flat,24,0.33333333333333333333,17.0,24.5,46.49999999999998,180.0000000000000000
CROSS,42,moderate,7,0.14285714285714285714,19.0,24.0,62.699999999999974,180.0000000000000000
CROSS,43,flat,20,0.45000000000000000000,15.0,28.0,55.0,162.3529411764705882
CROSS,43,moderate,6,0.33333333333333333333,5.0,31.5,22.25,160.0000000000000000
CROSS,44,flat,12,0.33333333333333333333,25.5,32.0,58.749999999999986,216.0000000000000000
CROSS,44,moderate,3,0E-20,26.0,20.0,74.6,120.0000000000000000
CROSS,45,flat,13,0.23076923076923076923,22.0,25.0,57.8,218.1818181818181818
CROSS,45,moderate,5,0E-20,12.0,28.0,45.599999999999994,135.0000000000000000
CROSS,46,flat,13,0.30769230769230769231,20.0,39.0,38.599999999999994,165.0000000000000000
CROSS,46,moderate,4,0.25000000000000000000,25.0,15.5,53.99999999999999,240.0000000000000000
CROSS,47,flat,16,0.43750000000000000000,19.0,19.5,72.75,172.0000000000000000
CROSS,47,moderate,4,0.25000000000000000000,14.0,14.5,66.19999999999999,180.0000000000000000
CROSS,48,flat,16,0.25000000000000000000,15.0,29.0,36.25,180.0000000000000000
CROSS,48,moderate,4,0E-20,13.5,10.5,23.7,180.0000000000000000
CROSS,49,flat,15,0.20000000000000000000,9.0,19.0,30.29999999999999,234.0000000000000000
CROSS,49,moderate,5,0.40000000000000000000,18.0,21.0,37.8,260.0000000000000000
CROSS,50,flat,14,0.28571428571428571429,19.0,16.0,49.15,180.0000000000000000
CROSS,50,moderate,3,0.33333333333333333333,24.0,27.0,32.1,180.0000000000000000
CROSS,51,flat,9,0.22222222222222222222,23.0,15.0,42.8,210.0000000000000000
CROSS,51,moderate,3,0.33333333333333333333,15.0,29.0,36.599999999999994,240.0000000000000000
CROSS,52,flat,12,0.50000000000000000000,9.5,19.5,49.49999999999999,210.0000000000000000
CROSS,52,moderate,2,0E-20,24.0,22.5,29.4,150.0000000000000000
CROSS,53,flat,9,0.11111111111111111111,30.0,23.0,79.99999999999997,205.7142857142857143
CROSS,53,moderate,2,0.50000000000000000000,7.5,26.0,8.85,60.0000000000000000
CROSS,54,flat,8,0.12500000000000000000,23.0,15.5,203.84999999999985,188.5714285714285714
CROSS,54,moderate,1,0E-20,26.0,21.0,26.0,120.0000000000000000
CROSS,55,flat,11,0.27272727272727272727,21.0,24.0,173.5,212.7272727272727273
CROSS,55,moderate,1,0E-20,26.0,15.0,26.0,180.0000000000000000
CROSS,56,flat,10,0.10000000000000000000,26.5,18.0,89.0499999999999,255.0000000000000000
CROSS,56,moderate,2,0E-20,41.0,26.0,41.0,240.0000000000000000
CROSS,57,flat,6,0.16666666666666666667,11.0,27.5,33.75,204.0000000000000000
CROSS,57,moderate,2,1.00000000000000000000,14.0,33.0,23.9,180.0000000000000000
CROSS,58,flat,8,0.37500000000000000000,9.5,25.5,70.64999999999998,150.0000000000000000
CROSS,58,moderate,2,0E-20,44.0,19.5,66.5,240.0000000000000000
CROSS,59,flat,5,0E-20,19.0,22.0,55.39999999999999,165.0000000000000000
CROSS,59,moderate,2,0.50000000000000000000,8.5,30.5,12.549999999999999,60.0000000000000000
CROSS,60,flat,5,0.20000000000000000000,16.0,18.0,21.4,140.0000000000000000
CROSS,60,moderate,1,0E-20,8.0,15.0,8.0,60.0000000000000000
CROSS,61,flat,7,0.42857142857142857143,10.0,34.0,17.299999999999994,135.0000000000000000
CROSS,62,flat,8,0.12500000000000000000,12.5,20.5,23.65,142.5000000000000000
CROSS,62,moderate,1,0E-20,28.0,11.0,28.0,180.0000000000000000
CROSS,63,flat,8,0.25000000000000000000,18.5,17.5,34.65,150.0000000000000000
CROSS,64,flat,3,0.33333333333333333333,36.0,28.0,54.9,260.0000000000000000
CROSS,64,moderate,1,0E-20,6.0,22.0,6.0,60.0000000000000000
CROSS,65,flat,4,0.50000000000000000000,7.0,40.0,27.14999999999999,80.0000000000000000
CROSS,65,moderate,1,0E-20,11.0,32.0,11.0,60.0000000000000000
CROSS,66,flat,2,0E-20,12.5,157.0,17.45,60.0000000000000000
CROSS,66,moderate,1,1.00000000000000000000,49.0,12.0,49.0,300.0000000000000000
CROSS,67,flat,6,0.50000000000000000000,15.0,27.5,97.75,204.0000000000000000
CROSS,67,moderate,2,0E-20,24.5,13.5,39.349999999999994,180.0000000000000000
CROSS,68,flat,4,0E-20,28.5,26.0,97.54999999999998,120.0000000000000000
CROSS,68,moderate,1,0E-20,15.0,10.0,15.0,60.0000000000000000
CROSS,69,flat,9,0.55555555555555555556,14.0,23.0,48.999999999999986,217.5000000000000000
CROSS,70,flat,9,0.33333333333333333333,9.0,32.0,70.79999999999997,168.0000000000000000
CROSS,71,flat,5,0.40000000000000000000,31.0,16.0,35.0,195.0000000000000000
CROSS,71,moderate,1,0E-20,10.0,12.0,10.0,240.0000000000000000
CROSS,72,flat,5,0.20000000000000000000,28.0,11.0,51.199999999999996,228.0000000000000000
CROSS,72,moderate,2,0E-20,9.5,14.5,11.75,90.0000000000000000
CROSS,73,flat,6,0.33333333333333333333,8.5,28.5,20.5,240.0000000000000000
CROSS,74,flat,5,0.20000000000000000000,15.0,19.0,24.2,210.0000000000000000
CROSS,75,flat,6,0.66666666666666666667,16.0,39.0,34.5,210.0000000000000000
CROSS,75,moderate,1,0E-20,11.0,12.0,11.0,120.0000000000000000
CROSS,76,flat,6,0E-20,11.0,37.0,41.0,156.0000000000000000
CROSS,76,moderate,1,0E-20,15.0,3.0,15.0,180.0000000000000000
CROSS,77,flat,4,0.25000000000000000000,17.0,37.5,23.25,220.0000000000000000
CROSS,78,flat,5,0.40000000000000000000,14.0,21.0,67.0,156.0000000000000000
CROSS,79,flat,4,0.50000000000000000000,23.0,183.5,31.4,260.0000000000000000
CROSS,80,flat,4,0.50000000000000000000,23.5,188.0,44.54999999999999,165.0000000000000000
CROSS,81,flat,3,0.33333333333333333333,13.0,309.0,20.2,120.0000000000000000
CROSS,82,flat,3,0.33333333333333333333,3.0,312.0,47.99999999999999,180.0000000000000000
CROSS,83,flat,3,0.66666666666666666667,18.0,300.0,34.2,210.0000000000000000
CROSS,84,flat,2,0.50000000000000000000,35.5,311.0,47.65,180.0000000000000000
CROSS,85,flat,3,0.33333333333333333333,8.0,305.0,41.3,180.0000000000000000
CROSS,86,flat,2,0.50000000000000000000,18.5,297.0,25.25,180.0000000000000000
CROSS,87,flat,3,0.66666666666666666667,18.0,291.0,39.599999999999994,90.0000000000000000
CROSS,88,flat,3,0.33333333333333333333,36.0,50.0,261.9,180.0000000000000000
CROSS,89,flat,3,0.33333333333333333333,40.0,300.0,96.69999999999999,180.0000000000000000
CROSS,90,flat,2,0.50000000000000000000,4.5,313.5,4.95,60.0000000000000000
CROSS,91,flat,2,0.50000000000000000000,8.0,302.5,11.6,300.0000000000000000
CROSS,92,flat,2,0.50000000000000000000,21.5,291.0,22.85,150.0000000000000000
CROSS,93,flat,2,0.50000000000000000000,16.5,294.0,21.45,300.0000000000000000
CROSS,94,flat,2,0.50000000000000000000,24.5,293.0,33.05,120.0000000000000000
CROSS,95,flat,2,1.00000000000000000000,11.5,290.0,15.549999999999999,210.0000000000000000
CROSS,96,flat,2,0.50000000000000000000,10.5,289.5,12.75,210.0000000000000000
CROSS,97,flat,2,0.50000000000000000000,20.5,292.5,26.35,210.0000000000000000
CROSS,98,flat,2,1.00000000000000000000,11.5,296.5,17.35,240.0000000000000000
CROSS,99,flat,2,0E-20,19.0,296.5,27.099999999999998,180.0000000000000000
CROSS,100,flat,2,0.50000000000000000000,9.0,312.0,17.099999999999998,300.0000000000000000
CROSS,101,flat,2,0.50000000000000000000,9.5,293.5,11.75,180.0000000000000000
CROSS,102,flat,2,0.50000000000000000000,21.0,288.5,31.799999999999997,300.0000000000000000
CROSS,103,flat,2,0.50000000000000000000,14.0,299.5,22.099999999999998,240.0000000000000000
CROSS,104,flat,2,0.50000000000000000000,7.5,300.5,12.45,90.0000000000000000
CROSS,105,flat,2,0.50000000000000000000,4.0,304.0,5.8,60.0000000000000000
CROSS,106,flat,2,0.50000000000000000000,10.0,290.5,10.9,120.0000000000000000
CROSS,107,flat,2,0E-20,7.5,311.0,8.85,90.0000000000000000
CROSS,108,flat,2,0.50000000000000000000,8.0,306.0,12.5,
CROSS,109,flat,2,1.00000000000000000000,19.0,293.0,22.6,180.0000000000000000
CROSS,110,flat,2,0E-20,6.5,290.0,6.95,120.0000000000000000
CROSS,111,flat,2,0E-20,8.5,285.5,11.649999999999999,210.0000000000000000
CROSS,112,flat,2,0E-20,8.0,291.0,9.8,150.0000000000000000
CROSS,113,flat,2,0.50000000000000000000,13.0,291.5,22.9,300.0000000000000000
CROSS,114,flat,2,0.50000000000000000000,14.5,284.5,15.85,150.0000000000000000
CROSS,115,flat,2,1.00000000000000000000,7.0,293.0,9.7,60.0000000000000000
CROSS,116,flat,2,1.00000000000000000000,9.0,292.0,11.7,
CROSS,117,flat,2,0.50000000000000000000,8.0,294.0,11.6,180.0000000000000000
CROSS,118,flat,2,0E-20,13.5,289.0,14.85,180.0000000000000000
CROSS,119,flat,2,0.50000000000000000000,6.5,293.0,8.75,
CROSS,120,flat,2,0.50000000000000000000,6.0,287.5,7.8,60.0000000000000000
CROSS,121,flat,2,0.50000000000000000000,7.0,288.5,9.7,300.0000000000000000
CROSS,122,flat,2,0.50000000000000000000,7.0,295.0,7.0,180.0000000000000000
CROSS,123,flat,2,0.50000000000000000000,12.0,284.5,12.0,180.0000000000000000
CROSS,124,flat,2,0.50000000000000000000,8.5,291.5,14.35,300.0000000000000000
CROSS,125,flat,2,0.50000000000000000000,13.0,286.5,16.6,240.0000000000000000
CROSS,126,flat,2,0.50000000000000000000,13.0,281.0,17.5,
CROSS,127,flat,2,0E-20,10.5,282.0,16.35,300.0000000000000000
CROSS,128,flat,2,0.50000000000000000000,11.0,288.0,20.9,180.0000000000000000
CROSS,129,flat,2,0E-20,7.5,292.5,10.649999999999999,300.0000000000000000
CROSS,130,flat,2,0E-20,16.0,288.0,27.7,180.0000000000000000
CROSS,131,flat,2,0.50000000000000000000,6.5,284.5,8.75,150.0000000000000000
CROSS,132,flat,2,1.00000000000000000000,6.0,286.5,6.0,180.0000000000000000
CROSS,133,flat,2,1.00000000000000000000,9.5,283.0,9.95,240.0000000000000000
CROSS,134,flat,2,1.00000000000000000000,10.0,284.5,10.9,300.0000000000000000
CROSS,135,flat,2,0E-20,3.5,289.0,3.95,210.0000000000000000
CROSS,136,flat,2,0.50000000000000000000,6.5,288.5,7.85,180.0000000000000000
CROSS,137,flat,2,0.50000000000000000000,10.5,284.0,16.35,300.0000000000000000
CROSS,138,flat,2,0.50000000000000000000,8.5,287.0,10.75,150.0000000000000000
CROSS,139,flat,2,0E-20,7.5,285.0,13.35,300.0000000000000000
CROSS,140,flat,2,0E-20,6.0,285.0,6.9,210.0000000000000000
CROSS,141,flat,2,1.00000000000000000000,21.0,281.5,38.1,150.0000000000000000
CROSS,142,flat,2,0.50000000000000000000,33.0,280.5,35.7,180.0000000000000000
CROSS,143,flat,2,1.00000000000000000000,12.5,284.5,19.25,240.0000000000000000
CROSS,144,flat,2,1.00000000000000000000,2.5,287.0,2.95,240.0000000000000000
CROSS,145,flat,2,1.00000000000000000000,13.5,283.5,13.95,60.0000000000000000
CROSS,146,flat,2,0.50000000000000000000,9.0,286.0,10.8,300.0000000000000000
CROSS,147,flat,2,0.50000000000000000000,10.0,283.5,12.7,240.0000000000000000
CROSS,148,flat,2,0.50000000000000000000,6.0,281.0,6.0,150.0000000000000000
CROSS,149,flat,2,0.50000000000000000000,11.5,280.0,12.85,180.0000000000000000
CROSS,150,flat,2,1.00000000000000000000,8.0,292.5,8.9,90.0000000000000000
CROSS,151,flat,2,1.00000000000000000000,5.0,285.5,5.9,120.0000000000000000
CROSS,152,flat,2,0.50000000000000000000,11.5,288.0,19.15,300.0000000000000000
CROSS,153,flat,2,1.00000000000000000000,11.0,286.0,17.299999999999997,90.0000000000000000
CROSS,154,flat,2,1.00000000000000000000,7.5,292.0,9.75,
CROSS,155,flat,2,1.00000000000000000000,44.5,284.0,79.14999999999999,240.0000000000000000
CROSS,156,flat,2,0.50000000000000000000,18.5,290.0,30.65,300.0000000000000000
CROSS,157,flat,2,1.00000000000000000000,6.5,293.0,10.549999999999999,240.0000000000000000
CROSS,158,flat,2,1.00000000000000000000,4.0,290.5,6.699999999999999,60.0000000000000000
CROSS,159,flat,2,0E-20,10.0,280.5,13.6,210.0000000000000000
CROSS,160,flat,2,0.50000000000000000000,5.5,289.5,6.85,
CROSS,161,flat,2,0.50000000000000000000,2.5,290.5,2.95,60.0000000000000000
CROSS,162,flat,2,0.50000000000000000000,3.5,305.0,3.95,60.0000000000000000
CROSS,163,flat,2,0.50000000000000000000,11.0,305.0,19.099999999999998,300.0000000000000000
CROSS,164,flat,2,0.50000000000000000000,8.0,291.0,8.9,60.0000000000000000
CROSS,165,flat,2,0.50000000000000000000,7.5,285.5,10.649999999999999,210.0000000000000000
CROSS,166,flat,2,0E-20,13.5,279.5,14.85,300.0000000000000000
CROSS,167,flat,2,0E-20,13.5,281.5,18.45,180.0000000000000000
CROSS,168,flat,2,0E-20,9.5,281.5,14.45,120.0000000000000000
CROSS,169,flat,2,0.50000000000000000000,2.0,286.5,2.0,60.0000000000000000
CROSS,170,flat,2,0E-20,6.5,287.0,6.95,240.0000000000000000
CROSS,171,flat,2,0E-20,8.0,288.0,12.5,180.0000000000000000
CROSS,172,flat,2,0.50000000000000000000,7.0,286.0,11.5,300.0000000000000000
CROSS,173,flat,2,0.50000000000000000000,5.0,296.5,9.5,180.0000000000000000
CROSS,174,flat,2,0.50000000000000000000,13.0,291.5,20.2,180.0000000000000000
CROSS,175,flat,2,0.50000000000000000000,14.5,294.5,22.15,180.0000000000000000
CROSS,176,flat,2,0.50000000000000000000,10.0,327.0,15.399999999999999,270.0000000000000000
CROSS,177,flat,2,1.00000000000000000000,20.0,285.5,22.7,150.0000000000000000
CROSS,178,flat,2,0E-20,12.0,295.0,17.4,300.0000000000000000
CROSS,179,flat,2,1.00000000000000000000,11.5,283.0,18.25,90.0000000000000000
CROSS,180,flat,2,1.00000000000000000000,17.0,282.0,21.5,300.0000000000000000
CROSS,181,flat,2,1.00000000000000000000,28.5,282.0,38.849999999999994,210.0000000000000000
CROSS,182,flat,2,0.50000000000000000000,27.0,282.0,36.0,210.0000000000000000
CROSS,183,flat,2,0.50000000000000000000,23.0,283.5,31.099999999999998,240.0000000000000000
CROSS,184,flat,2,0E-20,23.0,287.0,36.5,300.0000000000000000
CROSS,185,flat,2,0.50000000000000000000,6.0,294.5,6.9,180.0000000000000000
CROSS,186,flat,2,0.50000000000000000000,19.0,282.0,19.9,210.0000000000000000
CROSS,187,flat,2,0.50000000000000000000,4.5,301.5,4.95,60.0000000000000000
CROSS,188,flat,2,0.50000000000000000000,20.0,283.5,20.0,270.0000000000000000
CROSS,189,flat,2,1.00000000000000000000,23.0,281.5,31.099999999999998,300.0000000000000000
CROSS,190,flat,2,0.50000000000000000000,27.0,281.0,42.3,210.0000000000000000
CROSS,191,flat,2,0.50000000000000000000,28.0,287.0,46.0,300.0000000000000000
CROSS,192,flat,2,0.50000000000000000000,13.0,300.5,18.4,120.0000000000000000
CROSS,193,flat,2,0.50000000000000000000,10.0,290.0,15.399999999999999,90.0000000000000000
CROSS,194,flat,2,1.00000000000000000000,15.0,329.5,20.4,300.0000000000000000
CROSS,195,flat,2,0E-20,19.5,332.0,30.75,180.0000000000000000
CROSS,196,flat,2,0E-20,26.0,286.0,29.6,240.0000000000000000
CROSS,197,flat,2,1.00000000000000000000,4.5,300.5,5.85,180.0000000000000000
CROSS,198,flat,2,0.50000000000000000000,9.0,297.5,9.9,60.0000000000000000
CROSS,199,flat,2,1.00000000000000000000,8.5,289.0,12.549999999999999,
CROSS,200,flat,2,0E-20,3.5,297.5,5.75,60.0000000000000000
CROSS,201,flat,2,0.50000000000000000000,3.5,305.5,5.75,
CROSS,202,flat,2,1.00000000000000000000,15.5,306.0,19.549999999999997,240.0000000000000000
CROSS,203,flat,2,0.50000000000000000000,13.0,305.0,13.9,300.0000000000000000
CROSS,204,flat,2,0.50000000000000000000,16.0,297.5,24.099999999999998,180.0000000000000000
CROSS,205,flat,2,0E-20,9.5,304.0,9.95,120.0000000000000000
CROSS,206,flat,2,0E-20,20.0,287.0,24.5,300.0000000000000000
CROSS,207,flat,2,0.50000000000000000000,9.5,295.5,17.15,90.0000000000000000
CROSS,208,flat,2,0E-20,25.0,282.5,35.8,270.0000000000000000
CROSS,209,flat,2,0.50000000000000000000,12.0,291.5,19.2,300.0000000000000000
CROSS,210,flat,2,0.50000000000000000000,48.5,300.5,84.05,180.0000000000000000
CROSS,211,flat,2,0.50000000000000000000,19.0,308.0,31.599999999999998,120.0000000000000000
CROSS,212,flat,2,0E-20,30.5,293.5,44.45,270.0000000000000000
CROSS,213,flat,2,0E-20,21.5,301.0,25.549999999999997,120.0000000000000000
CROSS,214,flat,2,0E-20,7.0,302.5,12.399999999999999,120.0000000000000000
CROSS,215,flat,2,0.50000000000000000000,70.5,295.5,120.44999999999999,300.0000000000000000
CROSS,216,flat,2,0.50000000000000000000,76.5,290.5,115.64999999999999,180.0000000000000000
CROSS,217,flat,2,1.00000000000000000000,10.5,283.0,14.549999999999999,120.0000000000000000
CROSS,218,flat,2,1.00000000000000000000,12.0,290.5,17.4,300.0000000000000000
CROSS,219,flat,2,0.50000000000000000000,5.5,294.0,8.649999999999999,60.0000000000000000
CROSS,220,flat,2,1.00000000000000000000,11.0,282.5,18.2,300.0000000000000000
CROSS,221,flat,2,0E-20,12.5,282.5,17.45,60.0000000000000000
CROSS,222,flat,1,1.00000000000000000000,32.0,284.0,32.0,180.0000000000000000
CROSS,223,flat,1,1.00000000000000000000,7.0,309.0,7.0,60.0000000000000000
CROSS,224,flat,1,0E-20,11.0,289.0,11.0,120.0000000000000000
CROSS,225,flat,1,0E-20,2.0,318.0,2.0,
CROSS,226,flat,1,0E-20,17.0,280.0,17.0,
CROSS,227,flat,1,0E-20,27.0,279.0,27.0,300.0000000000000000
CROSS,228,flat,1,0E-20,12.0,294.0,12.0,60.0000000000000000
CROSS,229,flat,1,0E-20,10.0,284.0,10.0,240.0000000000000000
CROSS,230,flat,1,0E-20,7.0,366.0,7.0,
CROSS,231,flat,1,0E-20,35.0,328.0,35.0,
CROSS,232,flat,1,0E-20,7.0,309.0,7.0,
CROSS,233,flat,1,1.00000000000000000000,24.0,299.0,24.0,
CROSS,234,flat,1,1.00000000000000000000,17.0,282.0,17.0,300.0000000000000000
CROSS,235,flat,1,0E-20,30.0,289.0,30.0,300.0000000000000000
CROSS,236,flat,1,1.00000000000000000000,6.0,314.0,6.0,
CROSS,237,flat,1,1.00000000000000000000,28.0,278.0,28.0,
CROSS,238,flat,1,1.00000000000000000000,5.0,284.0,5.0,
CROSS,239,flat,1,1.00000000000000000000,8.0,280.0,8.0,240.0000000000000000
CROSS,240,flat,1,1.00000000000000000000,13.0,275.0,13.0,120.0000000000000000
CROSS,241,flat,1,1.00000000000000000000,6.0,276.0,6.0,
PIERCE,1,flat,11,0E-20,12.0,15.0,31.5,216.0000000000000000
PIERCE,1,moderate,6,0E-20,18.0,26.5,32.0,180.0000000000000000
PIERCE,2,flat,19,0E-20,17.0,11.0,39.199999999999974,192.8571428571428571
PIERCE,2,moderate,10,0E-20,15.0,8.5,51.24999999999994,210.0000000000000000
PIERCE,3,flat,9,0E-20,16.0,11.0,46.6,214.2857142857142857
PIERCE,3,moderate,11,0E-20,15.0,17.0,61.0,210.0000000000000000
PIERCE,4,flat,12,0E-20,8.0,16.5,17.799999999999997,135.0000000000000000
PIERCE,4,moderate,10,0E-20,18.0,8.0,38.55,202.5000000000000000
PIERCE,5,flat,15,0E-20,9.0,16.0,22.29999999999999,154.2857142857142857
PIERCE,5,moderate,7,0E-20,14.0,12.0,29.39999999999999,160.0000000000000000
PIERCE,6,flat,14,0E-20,9.0,9.5,25.4,217.5000000000000000
PIERCE,6,moderate,12,0E-20,17.5,11.0,36.0,210.0000000000000000
PIERCE,7,flat,11,0E-20,12.0,20.0,33.0,210.0000000000000000
PIERCE,7,moderate,6,0E-20,20.0,10.0,49.5,240.0000000000000000
PIERCE,8,flat,12,0E-20,9.0,13.5,19.9,197.1428571428571429
PIERCE,8,moderate,12,0E-20,16.5,12.5,30.45,162.8571428571428571
PIERCE,9,flat,9,0E-20,14.0,6.0,57.59999999999998,160.0000000000000000
PIERCE,9,moderate,9,0E-20,18.0,8.0,46.39999999999999,190.0000000000000000
PIERCE,10,flat,11,0E-20,11.0,11.0,38.5,187.5000000000000000
PIERCE,10,moderate,12,0E-20,12.5,13.5,28.9,145.7142857142857143
PIERCE,11,flat,13,0E-20,12.0,11.0,23.4,198.0000000000000000
PIERCE,11,moderate,7,0E-20,15.0,11.0,26.199999999999996,210.0000000000000000
PIERCE,12,flat,9,0E-20,23.0,4.0,36.2,265.7142857142857143
PIERCE,12,moderate,5,0E-20,12.0,44.0,24.2,120.0000000000000000
PIERCE,13,flat,10,0E-20,13.5,9.5,28.549999999999976,197.1428571428571429
PIERCE,13,moderate,8,0E-20,16.0,21.0,64.79999999999997,160.0000000000000000
PIERCE,14,flat,6,0E-20,19.5,18.5,55.25,216.0000000000000000
PIERCE,14,moderate,7,0E-20,16.0,16.0,97.69999999999992,140.0000000000000000
PIERCE,15,flat,7,0E-20,12.0,18.0,32.59999999999999,180.0000000000000000
PIERCE,15,moderate,11,0E-20,12.0,16.0,46.0,200.0000000000000000
PIERCE,16,flat,12,0E-20,14.0,10.5,46.349999999999994,226.6666666666666667
PIERCE,16,moderate,7,0E-20,30.0,21.0,46.19999999999999,260.0000000000000000
PIERCE,17,flat,8,0E-20,11.5,9.5,72.49999999999994,214.2857142857142857
PIERCE,17,moderate,6,0E-20,16.5,13.5,26.75,210.0000000000000000
PIERCE,18,flat,4,0E-20,15.5,9.5,20.25,160.0000000000000000
PIERCE,18,moderate,7,0E-20,20.0,10.0,46.09999999999998,264.0000000000000000
PIERCE,19,flat,7,0E-20,12.0,11.0,20.099999999999998,216.0000000000000000
PIERCE,19,moderate,6,0E-20,10.0,19.0,44.5,240.0000000000000000
PIERCE,20,flat,14,0E-20,13.5,18.5,64.7,198.0000000000000000
PIERCE,20,moderate,5,0E-20,20.0,16.0,29.799999999999997,195.0000000000000000
PIERCE,21,flat,7,0E-20,10.0,16.0,20.099999999999998,170.0000000000000000
PIERCE,21,moderate,5,0E-20,13.0,27.0,25.8,260.0000000000000000
PIERCE,22,flat,5,0E-20,20.0,12.0,41.0,264.0000000000000000
PIERCE,22,moderate,4,0E-20,23.5,16.0,50.849999999999994,240.0000000000000000
PIERCE,23,flat,14,0E-20,19.5,22.5,34.449999999999996,214.2857142857142857
PIERCE,23,moderate,8,0E-20,13.0,26.5,30.69999999999999,145.7142857142857143
PIERCE,24,flat,5,0E-20,8.0,34.0,16.8,140.0000000000000000
PIERCE,24,moderate,4,0E-20,13.5,18.5,23.099999999999998,80.0000000000000000
PIERCE,25,flat,8,0E-20,14.5,16.0,29.599999999999998,240.0000000000000000
PIERCE,25,moderate,5,0E-20,18.0,9.0,32.6,140.0000000000000000
PIERCE,26,flat,5,0E-20,36.0,16.0,56.599999999999994,200.0000000000000000
PIERCE,26,moderate,3,0E-20,12.0,26.0,50.699999999999996,
PIERCE,27,flat,8,0E-20,21.5,14.5,49.25,190.0000000000000000
PIERCE,27,moderate,4,0E-20,29.0,12.0,49.5,270.0000000000000000
PIERCE,28,flat,5,0E-20,14.0,8.0,28.999999999999996,240.0000000000000000
PIERCE,28,moderate,4,0E-20,19.5,27.0,31.899999999999995,225.0000000000000000
PIERCE,29,flat,9,0E-20,22.0,14.0,60.39999999999999,222.8571428571428571
PIERCE,29,moderate,4,0E-20,17.0,21.0,40.54999999999999,140.0000000000000000
PIERCE,30,flat,10,0E-20,18.5,13.0,40.39999999999997,154.2857142857142857
PIERCE,30,moderate,4,0E-20,9.5,26.5,20.349999999999994,60.0000000000000000
PIERCE,31,flat,5,0E-20,17.0,9.0,26.599999999999998,260.0000000000000000
PIERCE,31,moderate,6,0E-20,14.5,19.0,48.25,180.0000000000000000
PIERCE,32,flat,7,0E-20,15.0,10.0,20.099999999999998,192.0000000000000000
PIERCE,32,moderate,4,0E-20,13.0,36.0,24.549999999999997,200.0000000000000000
PIERCE,33,flat,9,0E-20,12.0,23.0,20.0,220.0000000000000000
PIERCE,34,flat,4,0E-20,13.5,14.5,17.549999999999997,210.0000000000000000
PIERCE,34,moderate,4,0E-20,25.5,13.0,42.3,225.0000000000000000
PIERCE,35,flat,3,0E-20,13.0,3.0,42.699999999999996,240.0000000000000000
PIERCE,35,moderate,2,0E-20,14.0,16.0,17.6,150.0000000000000000
PIERCE,36,flat,7,0E-20,21.0,9.0,39.79999999999999,168.0000000000000000
PIERCE,36,moderate,1,0E-20,46.0,8.0,46.0,300.0000000000000000
PIERCE,37,flat,11,0E-20,21.0,15.0,58.0,186.6666666666666667
PIERCE,37,moderate,3,0E-20,21.0,6.0,22.8,200.0000000000000000
PIERCE,38,flat,7,0E-20,32.0,26.0,48.8,231.4285714285714286
PIERCE,38,moderate,2,0E-20,25.0,21.5,30.4,120.0000000000000000
PIERCE,39,flat,6,0E-20,10.5,18.5,16.75,180.0000000000000000
PIERCE,40,flat,7,0E-20,18.0,29.0,32.199999999999996,210.0000000000000000
PIERCE,40,moderate,1,0E-20,25.0,8.0,25.0,300.0000000000000000
PIERCE,41,flat,6,0E-20,19.0,14.5,21.75,260.0000000000000000
PIERCE,42,flat,6,0E-20,30.0,7.0,55.25,216.0000000000000000
PIERCE,43,flat,6,0E-20,18.5,23.5,43.0,195.0000000000000000
PIERCE,43,moderate,1,0E-20,86.0,17.0,86.0,180.0000000000000000
PIERCE,44,flat,5,0E-20,5.0,29.0,11.8,105.0000000000000000
PIERCE,44,moderate,1,0E-20,65.0,8.0,65.0,300.0000000000000000
PIERCE,45,flat,6,0E-20,8.5,11.5,33.75,280.0000000000000000
PIERCE,45,moderate,1,0E-20,11.0,5.0,11.0,
PIERCE,46,flat,2,0E-20,22.5,28.0,35.55,180.0000000000000000
PIERCE,46,moderate,1,0E-20,30.0,20.0,30.0,180.0000000000000000
PIERCE,47,flat,2,0E-20,41.0,13.5,49.099999999999994,300.0000000000000000
PIERCE,47,moderate,3,0E-20,7.0,24.0,26.799999999999997,150.0000000000000000
PIERCE,48,flat,3,0E-20,15.0,4.0,24.9,260.0000000000000000
PIERCE,48,moderate,2,0E-20,15.5,12.0,19.549999999999997,240.0000000000000000
PIERCE,49,flat,2,0E-20,30.5,7.0,35.45,240.0000000000000000
PIERCE,49,moderate,1,0E-20,23.0,3.0,23.0,180.0000000000000000
PIERCE,50,flat,3,0E-20,25.0,14.0,272.5,300.0000000000000000
PIERCE,51,flat,7,0E-20,16.0,24.0,20.799999999999997,220.0000000000000000
PIERCE,51,moderate,2,0E-20,18.0,10.5,20.7,300.0000000000000000
PIERCE,52,flat,2,0E-20,24.5,162.0,33.05,210.0000000000000000
PIERCE,52,moderate,1,0E-20,8.0,37.0,8.0,60.0000000000000000
PIERCE,53,flat,3,0E-20,25.0,20.0,34.9,270.0000000000000000
PIERCE,53,moderate,2,0E-20,33.0,18.0,51.0,300.0000000000000000
PIERCE,54,flat,4,0E-20,19.0,19.0,28.099999999999998,140.0000000000000000
PIERCE,54,moderate,2,0E-20,33.5,21.5,54.65,300.0000000000000000
PIERCE,55,flat,1,0E-20,346.0,12.0,346.0,300.0000000000000000
PIERCE,55,moderate,2,0E-20,29.5,18.5,55.15,240.0000000000000000
PIERCE,56,flat,1,0E-20,42.0,6.0,42.0,300.0000000000000000
PIERCE,57,flat,1,0E-20,11.0,24.0,11.0,
PIERCE,57,moderate,1,0E-20,27.0,4.0,27.0,300.0000000000000000
PIERCE,58,flat,3,0E-20,10.0,21.0,17.2,60.0000000000000000
PIERCE,58,moderate,1,0E-20,27.0,27.0,27.0,180.0000000000000000
PIERCE,59,flat,2,0E-20,10.0,26.5,14.5,60.0000000000000000
PIERCE,59,moderate,1,0E-20,24.0,0.0,24.0,180.0000000000000000
PIERCE,60,flat,4,0E-20,13.0,11.0,19.85,165.0000000000000000
PIERCE,60,moderate,1,0E-20,34.0,9.0,34.0,300.0000000000000000
PIERCE,61,flat,2,0E-20,13.0,17.5,16.6,120.0000000000000000
PIERCE,61,moderate,1,0E-20,38.0,5.0,38.0,240.0000000000000000
PIERCE,62,flat,2,0E-20,12.5,5.0,13.85,
PIERCE,63,flat,2,0E-20,19.5,14.5,34.349999999999994,240.0000000000000000
PIERCE,63,moderate,1,0E-20,9.0,19.0,9.0,180.0000000000000000
PIERCE,64,flat,4,0E-20,9.0,17.5,248.1499999999999,60.0000000000000000
PIERCE,64,moderate,1,0E-20,39.0,4.0,39.0,120.0000000000000000
PIERCE,65,flat,3,0E-20,8.0,12.0,21.5,160.0000000000000000
PIERCE,65,moderate,1,0E-20,19.0,7.0,19.0,300.0000000000000000
PIERCE,66,flat,5,0E-20,19.0,12.0,237.19999999999996,120.0000000000000000
PIERCE,66,moderate,1,0E-20,19.0,1.0,19.0,240.0000000000000000
PIERCE,67,flat,1,0E-20,5.0,16.0,5.0,
PIERCE,68,moderate,1,0E-20,4.0,21.0,4.0,
PIERCE,69,flat,2,0E-20,11.5,13.5,14.649999999999999,120.0000000000000000
PIERCE,69,moderate,1,0E-20,24.0,1.0,24.0,240.0000000000000000
PIERCE,70,moderate,1,0E-20,15.0,5.0,15.0,180.0000000000000000
PIERCE,71,flat,1,0E-20,5.0,17.0,5.0,
PIERCE,72,flat,3,0E-20,17.0,14.0,22.4,150.0000000000000000
PIERCE,73,flat,2,0E-20,176.5,7.5,298.45,240.0000000000000000
PIERCE,74,flat,2,0E-20,29.0,13.5,32.6,240.0000000000000000
PIERCE,75,flat,1,0E-20,50.0,11.0,50.0,240.0000000000000000
PIERCE,77,flat,1,0E-20,302.0,15.0,302.0,300.0000000000000000
PIERCE,78,flat,1,0E-20,75.0,9.0,75.0,300.0000000000000000
PIERCE,79,flat,1,0E-20,80.0,1.0,80.0,180.0000000000000000
PIERCE,80,flat,1,0E-20,14.0,14.0,14.0,300.0000000000000000
PIERCE,82,flat,1,0E-20,19.0,94.0,19.0,
PIERCE,83,flat,1,0E-20,12.0,13.0,12.0,
PIERCE,84,flat,2,0E-20,6.0,33.5,9.6,
PIERCE,85,flat,1,0E-20,5.0,41.0,5.0,
TOUCH,1,flat,12,0E-20,4.0,17.0,26.19999999999999,132.0000000000000000
TOUCH,1,moderate,11,0E-20,15.0,12.0,44.0,230.0000000000000000
TOUCH,2,flat,17,0E-20,18.0,13.0,45.99999999999998,216.9230769230769231
TOUCH,2,moderate,14,0E-20,23.0,11.5,44.05,225.0000000000000000
TOUCH,3,flat,18,0E-20,12.5,11.5,52.44999999999997,210.0000000000000000
TOUCH,3,moderate,10,0E-20,10.0,14.5,36.149999999999984,216.0000000000000000
TOUCH,4,flat,18,0E-20,11.0,9.0,27.0,171.4285714285714286
TOUCH,4,moderate,14,0E-20,18.5,14.0,40.099999999999994,225.0000000000000000
TOUCH,5,flat,19,0E-20,9.0,18.0,51.099999999999994,222.8571428571428571
TOUCH,5,moderate,11,0E-20,14.0,8.0,24.5,210.0000000000000000
TOUCH,6,flat,16,0E-20,14.0,10.5,53.25,210.0000000000000000
TOUCH,6,moderate,7,0E-20,23.0,17.0,25.7,216.0000000000000000
TOUCH,7,flat,19,0E-20,15.0,12.0,35.49999999999997,180.0000000000000000
TOUCH,7,moderate,8,0E-20,13.5,13.5,19.95,180.0000000000000000
TOUCH,8,flat,16,0E-20,21.5,15.0,44.75,196.3636363636363636
TOUCH,8,moderate,9,0E-20,17.0,7.0,34.599999999999994,248.5714285714285714
TOUCH,9,flat,17,0E-20,15.0,10.0,25.0,234.5454545454545455
TOUCH,9,moderate,9,0E-20,13.0,13.0,27.599999999999998,154.2857142857142857
TOUCH,10,flat,14,0E-20,15.0,12.5,36.849999999999994,222.0000000000000000
TOUCH,10,moderate,8,0E-20,15.0,21.0,37.3,252.0000000000000000
TOUCH,11,flat,20,0E-20,17.5,9.5,43.50000000000001,225.0000000000000000
TOUCH,11,moderate,12,0E-20,18.0,17.0,51.09999999999999,188.5714285714285714
TOUCH,12,flat,17,0E-20,9.0,13.0,30.99999999999999,174.5454545454545455
TOUCH,12,moderate,9,0E-20,14.0,16.0,28.4,160.0000000000000000
TOUCH,13,flat,16,0E-20,10.0,9.0,25.0,200.0000000000000000
TOUCH,13,moderate,10,0E-20,14.5,15.0,36.3,137.1428571428571429
TOUCH,14,flat,13,0E-20,10.0,17.0,25.19999999999999,146.6666666666666667
TOUCH,14,moderate,11,0E-20,15.0,15.0,58.0,180.0000000000000000
TOUCH,15,flat,16,0E-20,15.5,7.0,34.75,189.2307692307692308
TOUCH,15,moderate,7,0E-20,12.0,23.0,46.79999999999998,200.0000000000000000
TOUCH,16,flat,11,0E-20,13.0,8.0,31.0,213.3333333333333333
TOUCH,16,moderate,10,0E-20,11.0,14.5,31.849999999999994,172.5000000000000000
TOUCH,17,flat,13,0E-20,15.0,16.0,35.0,247.5000000000000000
TOUCH,17,moderate,5,0E-20,6.0,25.0,212.59999999999997,200.0000000000000000
TOUCH,18,flat,13,0E-20,8.0,13.0,42.99999999999994,168.0000000000000000
TOUCH,18,moderate,7,0E-20,12.0,17.0,17.4,140.0000000000000000
TOUCH,19,flat,10,0E-20,14.5,14.0,59.999999999999936,240.0000000000000000
TOUCH,19,moderate,6,0E-20,17.5,21.0,35.25,220.0000000000000000
TOUCH,20,flat,14,0E-20,11.0,14.5,42.8,198.0000000000000000
TOUCH,20,moderate,7,0E-20,13.0,19.0,50.49999999999997,270.0000000000000000
TOUCH,21,flat,13,0E-20,15.0,18.0,28.999999999999986,226.6666666666666667
TOUCH,21,moderate,7,0E-20,13.0,19.0,41.39999999999999,204.0000000000000000
TOUCH,22,flat,13,0E-20,11.0,19.0,26.599999999999994,152.7272727272727273
TOUCH,22,moderate,5,0E-20,17.0,29.0,33.6,220.0000000000000000
TOUCH,23,flat,6,0E-20,10.0,18.0,13.75,105.0000000000000000
TOUCH,23,moderate,7,0E-20,12.0,28.0,33.79999999999999,195.0000000000000000
TOUCH,24,flat,12,0E-20,19.0,16.5,59.64999999999998,180.0000000000000000
TOUCH,24,moderate,8,0E-20,15.5,14.5,30.199999999999996,188.5714285714285714
TOUCH,25,flat,11,0E-20,16.0,15.0,59.5,202.5000000000000000
TOUCH,25,moderate,8,0E-20,10.5,21.5,37.3,156.0000000000000000
TOUCH,26,flat,15,0E-20,18.0,18.0,29.599999999999998,204.0000000000000000
TOUCH,26,moderate,6,0E-20,11.0,11.5,28.75,300.0000000000000000
TOUCH,27,flat,10,0E-20,12.5,11.0,45.04999999999997,240.0000000000000000
TOUCH,27,moderate,6,0E-20,20.0,16.5,38.25,170.0000000000000000
TOUCH,28,flat,13,0E-20,21.0,11.0,63.79999999999993,198.0000000000000000
TOUCH,28,moderate,4,0E-20,16.0,38.5,47.19999999999999,210.0000000000000000
TOUCH,29,flat,9,0E-20,14.0,8.0,33.99999999999999,213.3333333333333333
TOUCH,29,moderate,1,0E-20,29.0,11.0,29.0,300.0000000000000000
TOUCH,30,flat,11,0E-20,24.0,9.0,64.5,226.6666666666666667
TOUCH,30,moderate,3,0E-20,8.0,24.0,14.299999999999999,180.0000000000000000
TOUCH,31,flat,10,0E-20,18.5,20.0,31.94999999999999,197.1428571428571429
TOUCH,31,moderate,6,0E-20,9.0,12.0,40.0,216.0000000000000000
TOUCH,32,flat,10,0E-20,16.0,20.5,29.549999999999997,193.3333333333333333
TOUCH,32,moderate,3,0E-20,11.0,10.0,35.3,300.0000000000000000
TOUCH,33,flat,11,0E-20,16.0,14.0,190.5,202.5000000000000000
TOUCH,33,moderate,5,0E-20,19.0,31.0,51.199999999999996,270.0000000000000000
TOUCH,34,flat,8,0E-20,12.0,13.5,24.449999999999992,195.0000000000000000
TOUCH,34,moderate,3,0E-20,21.0,5.0,24.6,140.0000000000000000
TOUCH,35,flat,12,0E-20,15.5,17.0,39.8,154.2857142857142857
TOUCH,35,moderate,3,0E-20,30.0,18.0,155.1,270.0000000000000000
TOUCH,36,flat,9,0E-20,18.0,20.0,24.6,220.0000000000000000
TOUCH,36,moderate,5,0E-20,23.0,17.0,44.39999999999999,285.0000000000000000
TOUCH,37,flat,8,0E-20,22.0,15.0,32.49999999999999,240.0000000000000000
TOUCH,37,moderate,3,0E-20,4.0,26.0,10.299999999999999,60.0000000000000000
TOUCH,38,flat,9,0E-20,31.0,6.0,42.2,217.5000000000000000
TOUCH,38,moderate,4,0E-20,15.0,17.5,23.099999999999998,
TOUCH,39,flat,9,0E-20,23.0,8.0,42.0,200.0000000000000000
TOUCH,39,moderate,6,0E-20,16.5,17.0,34.75,228.0000000000000000
TOUCH,40,flat,5,0E-20,13.0,11.0,35.199999999999996,195.0000000000000000
TOUCH,40,moderate,2,0E-20,19.0,16.0,24.4,240.0000000000000000
TOUCH,41,flat,7,0E-20,17.0,18.0,40.29999999999998,130.0000000000000000
TOUCH,41,moderate,3,0E-20,13.0,8.0,43.599999999999994,210.0000000000000000
TOUCH,42,flat,2,0E-20,22.5,20.0,31.95,270.0000000000000000
TOUCH,42,moderate,3,0E-20,8.0,20.0,28.7,180.0000000000000000
TOUCH,43,flat,6,0E-20,12.0,18.0,19.0,210.0000000000000000
TOUCH,43,moderate,2,0E-20,8.5,33.0,9.85,60.0000000000000000
TOUCH,44,flat,12,0E-20,19.0,15.5,70.49999999999997,190.9090909090909091
TOUCH,44,moderate,4,0E-20,24.0,6.5,49.849999999999994,240.0000000000000000
TOUCH,45,flat,9,0E-20,22.0,11.0,41.599999999999994,188.5714285714285714
TOUCH,45,moderate,2,0E-20,10.5,14.0,14.549999999999999,120.0000000000000000
TOUCH,46,flat,12,0E-20,21.5,15.5,38.849999999999994,240.0000000000000000
TOUCH,46,moderate,3,0E-20,8.0,17.0,14.299999999999999,100.0000000000000000
TOUCH,47,flat,8,0E-20,19.5,18.0,35.25,210.0000000000000000
TOUCH,47,moderate,1,0E-20,23.0,20.0,23.0,300.0000000000000000
TOUCH,48,flat,7,0E-20,24.0,6.0,35.0,171.4285714285714286
TOUCH,48,moderate,2,0E-20,5.0,15.5,5.9,240.0000000000000000
TOUCH,49,flat,7,0E-20,15.0,14.0,219.69999999999982,150.0000000000000000
TOUCH,49,moderate,2,0E-20,6.5,23.0,8.75,
TOUCH,50,flat,7,0E-20,18.0,32.0,44.999999999999986,168.0000000000000000
TOUCH,50,moderate,4,0E-20,14.0,18.5,29.949999999999996,150.0000000000000000
TOUCH,51,flat,6,0E-20,17.5,12.0,238.75,230.0000000000000000
TOUCH,51,moderate,1,0E-20,30.0,10.0,30.0,180.0000000000000000
TOUCH,52,flat,7,0E-20,18.0,16.0,54.69999999999996,180.0000000000000000
TOUCH,52,moderate,1,0E-20,29.0,11.0,29.0,120.0000000000000000
TOUCH,53,flat,7,0E-20,21.0,11.0,218.4999999999998,180.0000000000000000
TOUCH,54,flat,6,0E-20,12.5,12.0,30.75,280.0000000000000000
TOUCH,55,flat,4,0E-20,25.0,12.0,36.65,300.0000000000000000
TOUCH,56,flat,5,0E-20,7.0,17.0,15.0,140.0000000000000000
TOUCH,56,moderate,1,0E-20,11.0,13.0,11.0,
TOUCH,57,flat,8,0E-20,10.0,13.0,20.549999999999997,120.0000000000000000
TOUCH,58,flat,2,0E-20,20.5,24.5,34.45,90.0000000000000000
TOUCH,59,flat,6,0E-20,9.0,17.0,23.5,150.0000000000000000
TOUCH,60,flat,4,0E-20,19.5,16.0,249.7999999999999,240.0000000000000000
TOUCH,60,moderate,1,0E-20,4.0,9.0,4.0,60.0000000000000000
TOUCH,61,flat,4,0E-20,22.0,9.0,253.3499999999999,260.0000000000000000
TOUCH,61,moderate,1,0E-20,13.0,10.0,13.0,60.0000000000000000
TOUCH,62,flat,3,0E-20,8.0,28.0,263.59999999999997,60.0000000000000000
TOUCH,62,moderate,1,0E-20,5.0,16.0,5.0,
TOUCH,63,flat,2,0E-20,154.0,38.5,290.8,180.0000000000000000
TOUCH,63,moderate,1,0E-20,20.0,21.0,20.0,180.0000000000000000
TOUCH,64,flat,4,0E-20,10.0,10.5,34.24999999999999,150.0000000000000000
TOUCH,65,flat,4,0E-20,6.5,19.0,247.8499999999999,200.0000000000000000
TOUCH,66,flat,4,0E-20,13.5,13.0,29.299999999999994,255.0000000000000000
TOUCH,67,flat,4,0E-20,9.0,17.0,15.099999999999998,270.0000000000000000
TOUCH,68,flat,7,0E-20,17.0,9.0,219.9999999999998,270.0000000000000000
TOUCH,69,moderate,1,0E-20,16.0,6.0,16.0,240.0000000000000000
TOUCH,70,flat,1,0E-20,41.0,7.0,41.0,300.0000000000000000
TOUCH,70,moderate,1,0E-20,21.0,1.0,21.0,300.0000000000000000
TOUCH,71,flat,4,0E-20,11.5,15.0,246.74999999999991,60.0000000000000000
TOUCH,71,moderate,1,0E-20,16.0,6.0,16.0,120.0000000000000000
TOUCH,72,flat,2,0E-20,160.0,37.0,296.8,60.0000000000000000
TOUCH,73,flat,1,0E-20,19.0,11.0,19.0,240.0000000000000000
TOUCH,73,moderate,1,0E-20,14.0,12.0,14.0,300.0000000000000000
TOUCH,74,flat,2,0E-20,16.5,15.5,16.95,120.0000000000000000
TOUCH,74,moderate,1,0E-20,17.0,6.0,17.0,240.0000000000000000
TOUCH,75,flat,1,0E-20,9.0,11.0,9.0,60.0000000000000000
TOUCH,76,flat,2,0E-20,18.0,15.0,19.8,180.0000000000000000
TOUCH,77,flat,2,0E-20,54.0,11.0,102.6,180.0000000000000000
TOUCH,81,flat,1,0E-20,11.0,16.0,11.0,120.0000000000000000
TOUCH,86,flat,1,0E-20,9.0,36.0,9.0,
